{"cameraMode":{"drawMode":0,"name":"Shaded","section":"Shading Mode"},"sceneLighting":false,"audioPlay":false,"sceneViewState":{"m_AlwaysRefresh":false,"showFog":true,"showSkybox":false,"showFlares":true,"showImageEffects":true,"showParticleSystems":true,"showVisualEffectGraphs":true,"m_FxEnabled":true},"in2DMode":false,"pivot":{"x":-0.056999996304512027,"y":1.2029999494552613,"z":1.24399995803833},"rotation":{"x":-0.23271358013153077,"y":0.3987298309803009,"z":-0.10534832626581192,"w":-0.8807836174964905},"size":0.21650634706020356,"orthographic":false}